{

	"bart_legacy_door_open": {
		"sounds": [
			{
				"name": "mtr:bart_legacy/door_open",
				"pitch": 1
			}
		]
	},
	"bart_legacy_door_close": {
		"sounds": [
			{
				"name": "mtr:bart_legacy/door_close",
				"pitch": 1
			}
		]
	},
	"bart_legacy_acceleration_0a": {
		"sounds": [
			{
				"name": "mtr:bart_legacy/acceleration/speed_0a",
				"pitch": 1,
				"attenuation_distance": 32
			}
		]
	},
	"bart_legacy_acceleration_1a": {
		"sounds": [
			{
				"name": "mtr:bart_legacy/acceleration/speed_1a",
				"pitch": 1,
				"attenuation_distance": 32
			}
		]
	},
	"bart_legacy_acceleration_2a": {
		"sounds": [
			{
				"name": "mtr:bart_legacy/acceleration/speed_2a",
				"pitch": 1,
				"attenuation_distance": 32
			}
		]
	},
	"bart_legacy_acceleration_3a": {
		"sounds": [
			{
				"name": "mtr:bart_legacy/acceleration/speed_3a",
				"pitch": 1,
				"attenuation_distance": 32
			}
		]
	},
	"bart_legacy_acceleration_4a": {
		"sounds": [
			{
				"name": "mtr:bart_legacy/acceleration/speed_4a",
				"pitch": 1,
				"attenuation_distance": 32
			}
		]
	},
	"bart_legacy_acceleration_5a": {
		"sounds": [
			{
				"name": "mtr:bart_legacy/acceleration/speed_5a",
				"pitch": 1,
				"attenuation_distance": 32
			}
		]
	},
	"bart_legacy_acceleration_6a": {
		"sounds": [
			{
				"name": "mtr:bart_legacy/acceleration/speed_6a",
				"pitch": 1,
				"attenuation_distance": 32
			}
		]
	},
	"bart_legacy_acceleration_7a": {
		"sounds": [
			{
				"name": "mtr:bart_legacy/acceleration/speed_7a",
				"pitch": 1,
				"attenuation_distance": 32
			}
		]
	},
	"bart_legacy_acceleration_8a": {
		"sounds": [
			{
				"name": "mtr:bart_legacy/acceleration/speed_8a",
				"pitch": 1,
				"attenuation_distance": 32
			}
		]
	},
	"bart_legacy_acceleration_9a": {
		"sounds": [
			{
				"name": "mtr:bart_legacy/acceleration/speed_9a",
				"pitch": 1,
				"attenuation_distance": 32
			}
		]
	},
	"bart_legacy_acceleration_10a": {
		"sounds": [
			{
				"name": "mtr:bart_legacy/acceleration/speed_10a",
				"pitch": 1,
				"attenuation_distance": 32
			}
		]
	},
	"bart_legacy_acceleration_11a": {
		"sounds": [
			{
				"name": "mtr:bart_legacy/acceleration/speed_11a",
				"pitch": 1,
				"attenuation_distance": 32
			}
		]
	},
	"bart_legacy_acceleration_12a": {
		"sounds": [
			{
				"name": "mtr:bart_legacy/acceleration/speed_12a",
				"pitch": 1,
				"attenuation_distance": 32
			}
		]
	},
	"bart_legacy_acceleration_13a": {
		"sounds": [
			{
				"name": "mtr:bart_legacy/acceleration/speed_13a",
				"pitch": 1,
				"attenuation_distance": 32
			}
		]
	},
	"bart_legacy_acceleration_14a": {
		"sounds": [
			{
				"name": "mtr:bart_legacy/acceleration/speed_14a",
				"pitch": 1,
				"attenuation_distance": 32
			}
		]
	},
	"bart_legacy_acceleration_15a": {
		"sounds": [
			{
				"name": "mtr:bart_legacy/acceleration/speed_15a",
				"pitch": 1,
				"attenuation_distance": 32
			}
		]
	},
	"bart_legacy_acceleration_16a": {
		"sounds": [
			{
				"name": "mtr:bart_legacy/acceleration/speed_16a",
				"pitch": 1,
				"attenuation_distance": 32
			}
		]
	},
	"bart_legacy_acceleration_17a": {
		"sounds": [
			{
				"name": "mtr:bart_legacy/acceleration/speed_17a",
				"pitch": 1,
				"attenuation_distance": 32
			}
		]
	},
	"bart_legacy_acceleration_18a": {
		"sounds": [
			{
				"name": "mtr:bart_legacy/acceleration/speed_18a",
				"pitch": 1,
				"attenuation_distance": 32
			}
		]
	},
	"bart_legacy_acceleration_19a": {
		"sounds": [
			{
				"name": "mtr:bart_legacy/acceleration/speed_19a",
				"pitch": 1,
				"attenuation_distance": 32
			}
		]
	},
	"bart_legacy_acceleration_20a": {
		"sounds": [
			{
				"name": "mtr:bart_legacy/acceleration/speed_20a",
				"pitch": 1,
				"attenuation_distance": 32
			}
		]
	},
	"bart_legacy_acceleration_21a": {
		"sounds": [
			{
				"name": "mtr:bart_legacy/acceleration/speed_21a",
				"pitch": 1,
				"attenuation_distance": 32
			}
		]
	},
	"bart_legacy_acceleration_0b": {
		"sounds": [
			{
				"name": "mtr:bart_legacy/acceleration/speed_0b",
				"pitch": 1,
				"attenuation_distance": 32
			}
		]
	},
	"bart_legacy_acceleration_1b": {
		"sounds": [
			{
				"name": "mtr:bart_legacy/acceleration/speed_1b",
				"pitch": 1,
				"attenuation_distance": 32
			}
		]
	},
	"bart_legacy_acceleration_2b": {
		"sounds": [
			{
				"name": "mtr:bart_legacy/acceleration/speed_2b",
				"pitch": 1,
				"attenuation_distance": 32
			}
		]
	},
	"bart_legacy_acceleration_3b": {
		"sounds": [
			{
				"name": "mtr:bart_legacy/acceleration/speed_3b",
				"pitch": 1,
				"attenuation_distance": 32
			}
		]
	},
	"bart_legacy_acceleration_4b": {
		"sounds": [
			{
				"name": "mtr:bart_legacy/acceleration/speed_4b",
				"pitch": 1,
				"attenuation_distance": 32
			}
		]
	},
	"bart_legacy_acceleration_5b": {
		"sounds": [
			{
				"name": "mtr:bart_legacy/acceleration/speed_5b",
				"pitch": 1,
				"attenuation_distance": 32
			}
		]
	},
	"bart_legacy_acceleration_6b": {
		"sounds": [
			{
				"name": "mtr:bart_legacy/acceleration/speed_6b",
				"pitch": 1,
				"attenuation_distance": 32
			}
		]
	},
	"bart_legacy_acceleration_7b": {
		"sounds": [
			{
				"name": "mtr:bart_legacy/acceleration/speed_7b",
				"pitch": 1,
				"attenuation_distance": 32
			}
		]
	},
	"bart_legacy_acceleration_8b": {
		"sounds": [
			{
				"name": "mtr:bart_legacy/acceleration/speed_8b",
				"pitch": 1,
				"attenuation_distance": 32
			}
		]
	},
	"bart_legacy_acceleration_9b": {
		"sounds": [
			{
				"name": "mtr:bart_legacy/acceleration/speed_9b",
				"pitch": 1,
				"attenuation_distance": 32
			}
		]
	},
	"bart_legacy_acceleration_10b": {
		"sounds": [
			{
				"name": "mtr:bart_legacy/acceleration/speed_10b",
				"pitch": 1,
				"attenuation_distance": 32
			}
		]
	},
	"bart_legacy_acceleration_11b": {
		"sounds": [
			{
				"name": "mtr:bart_legacy/acceleration/speed_11b",
				"pitch": 1,
				"attenuation_distance": 32
			}
		]
	},
	"bart_legacy_acceleration_12b": {
		"sounds": [
			{
				"name": "mtr:bart_legacy/acceleration/speed_12b",
				"pitch": 1,
				"attenuation_distance": 32
			}
		]
	},
	"bart_legacy_acceleration_13b": {
		"sounds": [
			{
				"name": "mtr:bart_legacy/acceleration/speed_13b",
				"pitch": 1,
				"attenuation_distance": 32
			}
		]
	},
	"bart_legacy_acceleration_14b": {
		"sounds": [
			{
				"name": "mtr:bart_legacy/acceleration/speed_14b",
				"pitch": 1,
				"attenuation_distance": 32
			}
		]
	},
	"bart_legacy_acceleration_15b": {
		"sounds": [
			{
				"name": "mtr:bart_legacy/acceleration/speed_15b",
				"pitch": 1,
				"attenuation_distance": 32
			}
		]
	},
	"bart_legacy_acceleration_16b": {
		"sounds": [
			{
				"name": "mtr:bart_legacy/acceleration/speed_16b",
				"pitch": 1,
				"attenuation_distance": 32
			}
		]
	},
	"bart_legacy_acceleration_17b": {
		"sounds": [
			{
				"name": "mtr:bart_legacy/acceleration/speed_17b",
				"pitch": 1,
				"attenuation_distance": 32
			}
		]
	},
	"bart_legacy_acceleration_18b": {
		"sounds": [
			{
				"name": "mtr:bart_legacy/acceleration/speed_18b",
				"pitch": 1,
				"attenuation_distance": 32
			}
		]
	},
	"bart_legacy_acceleration_19b": {
		"sounds": [
			{
				"name": "mtr:bart_legacy/acceleration/speed_19b",
				"pitch": 1,
				"attenuation_distance": 32
			}
		]
	},
	"bart_legacy_acceleration_20b": {
		"sounds": [
			{
				"name": "mtr:bart_legacy/acceleration/speed_20b",
				"pitch": 1,
				"attenuation_distance": 32
			}
		]
	},
	"bart_legacy_acceleration_21b": {
		"sounds": [
			{
				"name": "mtr:bart_legacy/acceleration/speed_21b",
				"pitch": 1,
				"attenuation_distance": 32
			}
		]
	},
	"bart_legacy_acceleration_1c": {
		"sounds": [
			{
				"name": "mtr:bart_legacy/acceleration/speed_1c",
				"pitch": 1,
				"attenuation_distance": 32
			}
		]
	},
	"bart_legacy_acceleration_2c": {
		"sounds": [
			{
				"name": "mtr:bart_legacy/acceleration/speed_2c",
				"pitch": 1,
				"attenuation_distance": 32
			}
		]
	},
	"bart_legacy_acceleration_3c": {
		"sounds": [
			{
				"name": "mtr:bart_legacy/acceleration/speed_3c",
				"pitch": 1,
				"attenuation_distance": 32
			}
		]
	},
	"bart_legacy_acceleration_4c": {
		"sounds": [
			{
				"name": "mtr:bart_legacy/acceleration/speed_4c",
				"pitch": 1,
				"attenuation_distance": 32
			}
		]
	},
	"bart_legacy_acceleration_5c": {
		"sounds": [
			{
				"name": "mtr:bart_legacy/acceleration/speed_5c",
				"pitch": 1,
				"attenuation_distance": 32
			}
		]
	},
	"bart_legacy_acceleration_6c": {
		"sounds": [
			{
				"name": "mtr:bart_legacy/acceleration/speed_6c",
				"pitch": 1,
				"attenuation_distance": 32
			}
		]
	},
	"bart_legacy_acceleration_7c": {
		"sounds": [
			{
				"name": "mtr:bart_legacy/acceleration/speed_7c",
				"pitch": 1,
				"attenuation_distance": 32
			}
		]
	},
	"bart_legacy_acceleration_8c": {
		"sounds": [
			{
				"name": "mtr:bart_legacy/acceleration/speed_8c",
				"pitch": 1,
				"attenuation_distance": 32
			}
		]
	},
	"bart_legacy_acceleration_9c": {
		"sounds": [
			{
				"name": "mtr:bart_legacy/acceleration/speed_9c",
				"pitch": 1,
				"attenuation_distance": 32
			}
		]
	},
	"bart_legacy_acceleration_10c": {
		"sounds": [
			{
				"name": "mtr:bart_legacy/acceleration/speed_10c",
				"pitch": 1,
				"attenuation_distance": 32
			}
		]
	},
	"bart_legacy_acceleration_11c": {
		"sounds": [
			{
				"name": "mtr:bart_legacy/acceleration/speed_11c",
				"pitch": 1,
				"attenuation_distance": 32
			}
		]
	},
	"bart_legacy_acceleration_12c": {
		"sounds": [
			{
				"name": "mtr:bart_legacy/acceleration/speed_12c",
				"pitch": 1,
				"attenuation_distance": 32
			}
		]
	},
	"bart_legacy_acceleration_13c": {
		"sounds": [
			{
				"name": "mtr:bart_legacy/acceleration/speed_13c",
				"pitch": 1,
				"attenuation_distance": 32
			}
		]
	},
	"bart_legacy_acceleration_14c": {
		"sounds": [
			{
				"name": "mtr:bart_legacy/acceleration/speed_14c",
				"pitch": 1,
				"attenuation_distance": 32
			}
		]
	},
	"bart_legacy_acceleration_15c": {
		"sounds": [
			{
				"name": "mtr:bart_legacy/acceleration/speed_15c",
				"pitch": 1,
				"attenuation_distance": 32
			}
		]
	},
	"bart_legacy_acceleration_16c": {
		"sounds": [
			{
				"name": "mtr:bart_legacy/acceleration/speed_16c",
				"pitch": 1,
				"attenuation_distance": 32
			}
		]
	},
	"bart_legacy_acceleration_17c": {
		"sounds": [
			{
				"name": "mtr:bart_legacy/acceleration/speed_17c",
				"pitch": 1,
				"attenuation_distance": 32
			}
		]
	},
	"bart_legacy_acceleration_18c": {
		"sounds": [
			{
				"name": "mtr:bart_legacy/acceleration/speed_18c",
				"pitch": 1,
				"attenuation_distance": 32
			}
		]
	},
	"bart_legacy_acceleration_19c": {
		"sounds": [
			{
				"name": "mtr:bart_legacy/acceleration/speed_19c",
				"pitch": 1,
				"attenuation_distance": 32
			}
		]
	},
	"bart_legacy_acceleration_20c": {
		"sounds": [
			{
				"name": "mtr:bart_legacy/acceleration/speed_20c",
				"pitch": 1,
				"attenuation_distance": 32
			}
		]
	},
	"bart_legacy_acceleration_21c": {
		"sounds": [
			{
				"name": "mtr:bart_legacy/acceleration/speed_21c",
				"pitch": 1,
				"attenuation_distance": 32
			}
		]
	},
	"bart_legacy_deceleration_0a": {
		"sounds": [
			{
				"name": "mtr:bart_legacy/deceleration/speed_0a",
				"pitch": 1,
				"attenuation_distance": 32
			}
		]
	},
	"bart_legacy_deceleration_1a": {
		"sounds": [
			{
				"name": "mtr:bart_legacy/deceleration/speed_1a",
				"pitch": 1,
				"attenuation_distance": 32
			}
		]
	},
	"bart_legacy_deceleration_2a": {
		"sounds": [
			{
				"name": "mtr:bart_legacy/deceleration/speed_2a",
				"pitch": 1,
				"attenuation_distance": 32
			}
		]
	},
	"bart_legacy_deceleration_3a": {
		"sounds": [
			{
				"name": "mtr:bart_legacy/deceleration/speed_3a",
				"pitch": 1,
				"attenuation_distance": 32
			}
		]
	},
	"bart_legacy_deceleration_4a": {
		"sounds": [
			{
				"name": "mtr:bart_legacy/deceleration/speed_4a",
				"pitch": 1,
				"attenuation_distance": 32
			}
		]
	},
	"bart_legacy_deceleration_5a": {
		"sounds": [
			{
				"name": "mtr:bart_legacy/deceleration/speed_5a",
				"pitch": 1,
				"attenuation_distance": 32
			}
		]
	},
	"bart_legacy_deceleration_6a": {
		"sounds": [
			{
				"name": "mtr:bart_legacy/deceleration/speed_6a",
				"pitch": 1,
				"attenuation_distance": 32
			}
		]
	},
	"bart_legacy_deceleration_7a": {
		"sounds": [
			{
				"name": "mtr:bart_legacy/deceleration/speed_7a",
				"pitch": 1,
				"attenuation_distance": 32
			}
		]
	},
	"bart_legacy_deceleration_8a": {
		"sounds": [
			{
				"name": "mtr:bart_legacy/deceleration/speed_8a",
				"pitch": 1,
				"attenuation_distance": 32
			}
		]
	},
	"bart_legacy_deceleration_9a": {
		"sounds": [
			{
				"name": "mtr:bart_legacy/deceleration/speed_9a",
				"pitch": 1,
				"attenuation_distance": 32
			}
		]
	},
	"bart_legacy_deceleration_10a": {
		"sounds": [
			{
				"name": "mtr:bart_legacy/deceleration/speed_10a",
				"pitch": 1,
				"attenuation_distance": 32
			}
		]
	},
	"bart_legacy_deceleration_11a": {
		"sounds": [
			{
				"name": "mtr:bart_legacy/deceleration/speed_11a",
				"pitch": 1,
				"attenuation_distance": 32
			}
		]
	},
	"bart_legacy_deceleration_12a": {
		"sounds": [
			{
				"name": "mtr:bart_legacy/deceleration/speed_12a",
				"pitch": 1,
				"attenuation_distance": 32
			}
		]
	},
	"bart_legacy_deceleration_13a": {
		"sounds": [
			{
				"name": "mtr:bart_legacy/deceleration/speed_13a",
				"pitch": 1,
				"attenuation_distance": 32
			}
		]
	},
	"bart_legacy_deceleration_14a": {
		"sounds": [
			{
				"name": "mtr:bart_legacy/deceleration/speed_14a",
				"pitch": 1,
				"attenuation_distance": 32
			}
		]
	},
	"bart_legacy_deceleration_15a": {
		"sounds": [
			{
				"name": "mtr:bart_legacy/deceleration/speed_15a",
				"pitch": 1,
				"attenuation_distance": 32
			}
		]
	},
	"bart_legacy_deceleration_16a": {
		"sounds": [
			{
				"name": "mtr:bart_legacy/deceleration/speed_16a",
				"pitch": 1,
				"attenuation_distance": 32
			}
		]
	},
	"bart_legacy_deceleration_17a": {
		"sounds": [
			{
				"name": "mtr:bart_legacy/deceleration/speed_17a",
				"pitch": 1,
				"attenuation_distance": 32
			}
		]
	},
	"bart_legacy_deceleration_18a": {
		"sounds": [
			{
				"name": "mtr:bart_legacy/deceleration/speed_18a",
				"pitch": 1,
				"attenuation_distance": 32
			}
		]
	},
	"bart_legacy_deceleration_19a": {
		"sounds": [
			{
				"name": "mtr:bart_legacy/deceleration/speed_19a",
				"pitch": 1,
				"attenuation_distance": 32
			}
		]
	},
	"bart_legacy_deceleration_20a": {
		"sounds": [
			{
				"name": "mtr:bart_legacy/deceleration/speed_20a",
				"pitch": 1,
				"attenuation_distance": 32
			}
		]
	},
	"bart_legacy_deceleration_21a": {
		"sounds": [
			{
				"name": "mtr:bart_legacy/deceleration/speed_21a",
				"pitch": 1,
				"attenuation_distance": 32
			}
		]
	},
	"bart_legacy_deceleration_0b": {
		"sounds": [
			{
				"name": "mtr:bart_legacy/deceleration/speed_0b",
				"pitch": 1,
				"attenuation_distance": 32
			}
		]
	},
	"bart_legacy_deceleration_1b": {
		"sounds": [
			{
				"name": "mtr:bart_legacy/deceleration/speed_1b",
				"pitch": 1,
				"attenuation_distance": 32
			}
		]
	},
	"bart_legacy_deceleration_2b": {
		"sounds": [
			{
				"name": "mtr:bart_legacy/deceleration/speed_2b",
				"pitch": 1,
				"attenuation_distance": 32
			}
		]
	},
	"bart_legacy_deceleration_3b": {
		"sounds": [
			{
				"name": "mtr:bart_legacy/deceleration/speed_3b",
				"pitch": 1,
				"attenuation_distance": 32
			}
		]
	},
	"bart_legacy_deceleration_4b": {
		"sounds": [
			{
				"name": "mtr:bart_legacy/deceleration/speed_4b",
				"pitch": 1,
				"attenuation_distance": 32
			}
		]
	},
	"bart_legacy_deceleration_5b": {
		"sounds": [
			{
				"name": "mtr:bart_legacy/deceleration/speed_5b",
				"pitch": 1,
				"attenuation_distance": 32
			}
		]
	},
	"bart_legacy_deceleration_6b": {
		"sounds": [
			{
				"name": "mtr:bart_legacy/deceleration/speed_6b",
				"pitch": 1,
				"attenuation_distance": 32
			}
		]
	},
	"bart_legacy_deceleration_7b": {
		"sounds": [
			{
				"name": "mtr:bart_legacy/deceleration/speed_7b",
				"pitch": 1,
				"attenuation_distance": 32
			}
		]
	},
	"bart_legacy_deceleration_8b": {
		"sounds": [
			{
				"name": "mtr:bart_legacy/deceleration/speed_8b",
				"pitch": 1,
				"attenuation_distance": 32
			}
		]
	},
	"bart_legacy_deceleration_9b": {
		"sounds": [
			{
				"name": "mtr:bart_legacy/deceleration/speed_9b",
				"pitch": 1,
				"attenuation_distance": 32
			}
		]
	},
	"bart_legacy_deceleration_10b": {
		"sounds": [
			{
				"name": "mtr:bart_legacy/deceleration/speed_10b",
				"pitch": 1,
				"attenuation_distance": 32
			}
		]
	},
	"bart_legacy_deceleration_11b": {
		"sounds": [
			{
				"name": "mtr:bart_legacy/deceleration/speed_11b",
				"pitch": 1,
				"attenuation_distance": 32
			}
		]
	},
	"bart_legacy_deceleration_12b": {
		"sounds": [
			{
				"name": "mtr:bart_legacy/deceleration/speed_12b",
				"pitch": 1,
				"attenuation_distance": 32
			}
		]
	},
	"bart_legacy_deceleration_13b": {
		"sounds": [
			{
				"name": "mtr:bart_legacy/deceleration/speed_13b",
				"pitch": 1,
				"attenuation_distance": 32
			}
		]
	},
	"bart_legacy_deceleration_14b": {
		"sounds": [
			{
				"name": "mtr:bart_legacy/deceleration/speed_14b",
				"pitch": 1,
				"attenuation_distance": 32
			}
		]
	},
	"bart_legacy_deceleration_15b": {
		"sounds": [
			{
				"name": "mtr:bart_legacy/deceleration/speed_15b",
				"pitch": 1,
				"attenuation_distance": 32
			}
		]
	},
	"bart_legacy_deceleration_16b": {
		"sounds": [
			{
				"name": "mtr:bart_legacy/deceleration/speed_16b",
				"pitch": 1,
				"attenuation_distance": 32
			}
		]
	},
	"bart_legacy_deceleration_17b": {
		"sounds": [
			{
				"name": "mtr:bart_legacy/deceleration/speed_17b",
				"pitch": 1,
				"attenuation_distance": 32
			}
		]
	},
	"bart_legacy_deceleration_18b": {
		"sounds": [
			{
				"name": "mtr:bart_legacy/deceleration/speed_18b",
				"pitch": 1,
				"attenuation_distance": 32
			}
		]
	},
	"bart_legacy_deceleration_19b": {
		"sounds": [
			{
				"name": "mtr:bart_legacy/deceleration/speed_19b",
				"pitch": 1,
				"attenuation_distance": 32
			}
		]
	},
	"bart_legacy_deceleration_20b": {
		"sounds": [
			{
				"name": "mtr:bart_legacy/deceleration/speed_20b",
				"pitch": 1,
				"attenuation_distance": 32
			}
		]
	},
	"bart_legacy_deceleration_21b": {
		"sounds": [
			{
				"name": "mtr:bart_legacy/deceleration/speed_21b",
				"pitch": 1,
				"attenuation_distance": 32
			}
		]
	},
	"bart_legacy_deceleration_1c": {
		"sounds": [
			{
				"name": "mtr:bart_legacy/deceleration/speed_1c",
				"pitch": 1,
				"attenuation_distance": 32
			}
		]
	},
	"bart_legacy_deceleration_2c": {
		"sounds": [
			{
				"name": "mtr:bart_legacy/deceleration/speed_2c",
				"pitch": 1,
				"attenuation_distance": 32
			}
		]
	},
	"bart_legacy_deceleration_3c": {
		"sounds": [
			{
				"name": "mtr:bart_legacy/deceleration/speed_3c",
				"pitch": 1,
				"attenuation_distance": 32
			}
		]
	},
	"bart_legacy_deceleration_4c": {
		"sounds": [
			{
				"name": "mtr:bart_legacy/deceleration/speed_4c",
				"pitch": 1,
				"attenuation_distance": 32
			}
		]
	},
	"bart_legacy_deceleration_5c": {
		"sounds": [
			{
				"name": "mtr:bart_legacy/deceleration/speed_5c",
				"pitch": 1,
				"attenuation_distance": 32
			}
		]
	},
	"bart_legacy_deceleration_6c": {
		"sounds": [
			{
				"name": "mtr:bart_legacy/deceleration/speed_6c",
				"pitch": 1,
				"attenuation_distance": 32
			}
		]
	},
	"bart_legacy_deceleration_7c": {
		"sounds": [
			{
				"name": "mtr:bart_legacy/deceleration/speed_7c",
				"pitch": 1,
				"attenuation_distance": 32
			}
		]
	},
	"bart_legacy_deceleration_8c": {
		"sounds": [
			{
				"name": "mtr:bart_legacy/deceleration/speed_8c",
				"pitch": 1,
				"attenuation_distance": 32
			}
		]
	},
	"bart_legacy_deceleration_9c": {
		"sounds": [
			{
				"name": "mtr:bart_legacy/deceleration/speed_9c",
				"pitch": 1,
				"attenuation_distance": 32
			}
		]
	},
	"bart_legacy_deceleration_10c": {
		"sounds": [
			{
				"name": "mtr:bart_legacy/deceleration/speed_10c",
				"pitch": 1,
				"attenuation_distance": 32
			}
		]
	},
	"bart_legacy_deceleration_11c": {
		"sounds": [
			{
				"name": "mtr:bart_legacy/deceleration/speed_11c",
				"pitch": 1,
				"attenuation_distance": 32
			}
		]
	},
	"bart_legacy_deceleration_12c": {
		"sounds": [
			{
				"name": "mtr:bart_legacy/deceleration/speed_12c",
				"pitch": 1,
				"attenuation_distance": 32
			}
		]
	},
	"bart_legacy_deceleration_13c": {
		"sounds": [
			{
				"name": "mtr:bart_legacy/deceleration/speed_13c",
				"pitch": 1,
				"attenuation_distance": 32
			}
		]
	},
	"bart_legacy_deceleration_14c": {
		"sounds": [
			{
				"name": "mtr:bart_legacy/deceleration/speed_14c",
				"pitch": 1,
				"attenuation_distance": 32
			}
		]
	},
	"bart_legacy_deceleration_15c": {
		"sounds": [
			{
				"name": "mtr:bart_legacy/deceleration/speed_15c",
				"pitch": 1,
				"attenuation_distance": 32
			}
		]
	},
	"bart_legacy_deceleration_16c": {
		"sounds": [
			{
				"name": "mtr:bart_legacy/deceleration/speed_16c",
				"pitch": 1,
				"attenuation_distance": 32
			}
		]
	},
	"bart_legacy_deceleration_17c": {
		"sounds": [
			{
				"name": "mtr:bart_legacy/deceleration/speed_17c",
				"pitch": 1,
				"attenuation_distance": 32
			}
		]
	},
	"bart_legacy_deceleration_18c": {
		"sounds": [
			{
				"name": "mtr:bart_legacy/deceleration/speed_18c",
				"pitch": 1,
				"attenuation_distance": 32
			}
		]
	},
	"bart_legacy_deceleration_19c": {
		"sounds": [
			{
				"name": "mtr:bart_legacy/deceleration/speed_19c",
				"pitch": 1,
				"attenuation_distance": 32
			}
		]
	},
	"bart_legacy_deceleration_20c": {
		"sounds": [
			{
				"name": "mtr:bart_legacy/deceleration/speed_20c",
				"pitch": 1,
				"attenuation_distance": 32
			}
		]
	},
	"bart_legacy_deceleration_21c": {
		"sounds": [
			{
				"name": "mtr:bart_legacy/deceleration/speed_21c",
				"pitch": 1,
				"attenuation_distance": 32
			}
		]
	}
}
	